"","V1","V2"
"1","P001(1-4)","P002(1-4)"
"2","P001(1-4)","P003(1-4)"
"3","P001(1-4)","P004(1-4)"
"4","P001(1-4)","P007(1-3)"
"5","P001(1-4)","P012(1-3)"
"6","P001(1-4)","P014(1-3)"
"7","P001(1-4)","P016(1-3)"
"8","P001(1-4)","P017(1-3)"
"9","P001(1-4)","P018(1-3)"
"10","P001(1-4)","P019(1-3)"
"11","P001(1-4)","P026(4-2)"
"12","P001(1-4)","P030(3-2)"
"13","P001(1-4)","P034(2-2)"
"14","P001(1-4)","P035(2-2)"
"15","P001(1-4)","P036(2-2)"
"16","P001(1-4)","P037(2-2)"
"17","P001(1-4)","P045(1-2)"
"18","P001(1-4)","P048(1-2)"
"19","P001(1-4)","P056(1-2)"
"20","P001(1-4)","P061(1-2)"
"21","P001(1-4)","P070(1-2)"
"22","P001(1-4)","P072(1-2)"
"23","P001(1-4)","P079(1-2)"
"24","P001(1-4)","P085(1-2)"
"25","P001(1-4)","P086(1-2)"
"26","P001(1-4)","P088(1-2)"
"27","P001(1-4)","P091(1-2)"
"28","P001(1-4)","P098(1-2)"
"29","P001(1-4)","P101(1-2)"
"30","P001(1-4)","P114(1-2)"
"31","P001(1-4)","P119(1-2)"
"32","P001(1-4)","P128(1-2)"
"33","P001(1-4)","P132(1-2)"
"34","P001(1-4)","P133(1-2)"
"35","P001(1-4)","P136(1-2)"
"36","P001(1-4)","P138(1-2)"
"37","P001(1-4)","P149(15-1)"
"38","P001(1-4)","P197(1-1)"
"39","P001(1-4)","P221(1-1)"
"40","P002(1-4)","P008(1-3)"
"41","P002(1-4)","P045(1-2)"
"42","P002(1-4)","P061(1-2)"
"43","P002(1-4)","P079(1-2)"
"44","P002(1-4)","P086(1-2)"
"45","P002(1-4)","P133(1-2)"
"46","P002(1-4)","P197(1-1)"
"47","P002(1-4)","P218(1-1)"
"48","P003(1-4)","P004(1-4)"
"49","P003(1-4)","P006(1-3)"
"50","P003(1-4)","P007(1-3)"
"51","P003(1-4)","P010(1-3)"
"52","P003(1-4)","P012(1-3)"
"53","P003(1-4)","P014(1-3)"
"54","P003(1-4)","P015(1-3)"
"55","P003(1-4)","P016(1-3)"
"56","P003(1-4)","P017(1-3)"
"57","P003(1-4)","P018(1-3)"
"58","P003(1-4)","P019(1-3)"
"59","P003(1-4)","P026(4-2)"
"60","P003(1-4)","P028(3-2)"
"61","P003(1-4)","P030(3-2)"
"62","P003(1-4)","P031(2-2)"
"63","P003(1-4)","P034(2-2)"
"64","P003(1-4)","P035(2-2)"
"65","P003(1-4)","P036(2-2)"
"66","P003(1-4)","P037(2-2)"
"67","P003(1-4)","P043(1-2)"
"68","P003(1-4)","P044(1-2)"
"69","P003(1-4)","P047(1-2)"
"70","P003(1-4)","P048(1-2)"
"71","P003(1-4)","P049(1-2)"
"72","P003(1-4)","P052(1-2)"
"73","P003(1-4)","P056(1-2)"
"74","P003(1-4)","P061(1-2)"
"75","P003(1-4)","P066(1-2)"
"76","P003(1-4)","P070(1-2)"
"77","P003(1-4)","P072(1-2)"
"78","P003(1-4)","P074(1-2)"
"79","P003(1-4)","P083(1-2)"
"80","P003(1-4)","P085(1-2)"
"81","P003(1-4)","P088(1-2)"
"82","P003(1-4)","P091(1-2)"
"83","P003(1-4)","P098(1-2)"
"84","P003(1-4)","P099(1-2)"
"85","P003(1-4)","P101(1-2)"
"86","P003(1-4)","P103(1-2)"
"87","P003(1-4)","P108(1-2)"
"88","P003(1-4)","P114(1-2)"
"89","P003(1-4)","P115(1-2)"
"90","P003(1-4)","P118(1-2)"
"91","P003(1-4)","P119(1-2)"
"92","P003(1-4)","P121(1-2)"
"93","P003(1-4)","P122(1-2)"
"94","P003(1-4)","P123(1-2)"
"95","P003(1-4)","P128(1-2)"
"96","P003(1-4)","P132(1-2)"
"97","P003(1-4)","P133(1-2)"
"98","P003(1-4)","P134(1-2)"
"99","P003(1-4)","P136(1-2)"
"100","P003(1-4)","P138(1-2)"
"101","P003(1-4)","P142(1-2)"
"102","P003(1-4)","P148(16-1)"
"103","P003(1-4)","P149(15-1)"
"104","P003(1-4)","P152(11-1)"
"105","P003(1-4)","P185(1-1)"
"106","P004(1-4)","P007(1-3)"
"107","P004(1-4)","P012(1-3)"
"108","P004(1-4)","P014(1-3)"
"109","P004(1-4)","P016(1-3)"
"110","P004(1-4)","P017(1-3)"
"111","P004(1-4)","P018(1-3)"
"112","P004(1-4)","P019(1-3)"
"113","P004(1-4)","P026(4-2)"
"114","P004(1-4)","P030(3-2)"
"115","P004(1-4)","P034(2-2)"
"116","P004(1-4)","P035(2-2)"
"117","P004(1-4)","P036(2-2)"
"118","P004(1-4)","P037(2-2)"
"119","P004(1-4)","P048(1-2)"
"120","P004(1-4)","P056(1-2)"
"121","P004(1-4)","P061(1-2)"
"122","P004(1-4)","P070(1-2)"
"123","P004(1-4)","P072(1-2)"
"124","P004(1-4)","P085(1-2)"
"125","P004(1-4)","P088(1-2)"
"126","P004(1-4)","P091(1-2)"
"127","P004(1-4)","P098(1-2)"
"128","P004(1-4)","P101(1-2)"
"129","P004(1-4)","P114(1-2)"
"130","P004(1-4)","P119(1-2)"
"131","P004(1-4)","P128(1-2)"
"132","P004(1-4)","P132(1-2)"
"133","P004(1-4)","P136(1-2)"
"134","P004(1-4)","P138(1-2)"
"135","P004(1-4)","P149(15-1)"
"136","P004(1-4)","P169(2-1)"
"137","P005(1-3)","P013(1-3)"
"138","P005(1-3)","P017(1-3)"
"139","P005(1-3)","P021(1-3)"
"140","P005(1-3)","P027(3-2)"
"141","P005(1-3)","P042(1-2)"
"142","P005(1-3)","P064(1-2)"
"143","P005(1-3)","P072(1-2)"
"144","P005(1-3)","P079(1-2)"
"145","P005(1-3)","P090(1-2)"
"146","P005(1-3)","P093(1-2)"
"147","P005(1-3)","P107(1-2)"
"148","P005(1-3)","P111(1-2)"
"149","P005(1-3)","P123(1-2)"
"150","P005(1-3)","P130(1-2)"
"151","P005(1-3)","P131(1-2)"
"152","P005(1-3)","P140(1-2)"
"153","P005(1-3)","P157(5-1)"
"154","P005(1-3)","P195(1-1)"
"155","P006(1-3)","P010(1-3)"
"156","P006(1-3)","P015(1-3)"
"157","P006(1-3)","P028(3-2)"
"158","P006(1-3)","P031(2-2)"
"159","P006(1-3)","P043(1-2)"
"160","P006(1-3)","P044(1-2)"
"161","P006(1-3)","P047(1-2)"
"162","P006(1-3)","P052(1-2)"
"163","P006(1-3)","P057(1-2)"
"164","P006(1-3)","P060(1-2)"
"165","P006(1-3)","P066(1-2)"
"166","P006(1-3)","P069(1-2)"
"167","P006(1-3)","P073(1-2)"
"168","P006(1-3)","P099(1-2)"
"169","P006(1-3)","P103(1-2)"
"170","P006(1-3)","P108(1-2)"
"171","P006(1-3)","P115(1-2)"
"172","P006(1-3)","P121(1-2)"
"173","P006(1-3)","P122(1-2)"
"174","P006(1-3)","P142(1-2)"
"175","P006(1-3)","P148(16-1)"
"176","P006(1-3)","P158(4-1)"
"177","P006(1-3)","P166(3-1)"
"178","P007(1-3)","P011(1-3)"
"179","P007(1-3)","P012(1-3)"
"180","P007(1-3)","P014(1-3)"
"181","P007(1-3)","P016(1-3)"
"182","P007(1-3)","P017(1-3)"
"183","P007(1-3)","P018(1-3)"
"184","P007(1-3)","P019(1-3)"
"185","P007(1-3)","P026(4-2)"
"186","P007(1-3)","P030(3-2)"
"187","P007(1-3)","P032(2-2)"
"188","P007(1-3)","P034(2-2)"
"189","P007(1-3)","P035(2-2)"
"190","P007(1-3)","P036(2-2)"
"191","P007(1-3)","P037(2-2)"
"192","P007(1-3)","P040(1-2)"
"193","P007(1-3)","P046(1-2)"
"194","P007(1-3)","P048(1-2)"
"195","P007(1-3)","P053(1-2)"
"196","P007(1-3)","P056(1-2)"
"197","P007(1-3)","P057(1-2)"
"198","P007(1-3)","P061(1-2)"
"199","P007(1-3)","P070(1-2)"
"200","P007(1-3)","P072(1-2)"
"201","P007(1-3)","P073(1-2)"
"202","P007(1-3)","P078(1-2)"
"203","P007(1-3)","P084(1-2)"
"204","P007(1-3)","P085(1-2)"
"205","P007(1-3)","P088(1-2)"
"206","P007(1-3)","P091(1-2)"
"207","P007(1-3)","P098(1-2)"
"208","P007(1-3)","P099(1-2)"
"209","P007(1-3)","P101(1-2)"
"210","P007(1-3)","P114(1-2)"
"211","P007(1-3)","P119(1-2)"
"212","P007(1-3)","P128(1-2)"
"213","P007(1-3)","P132(1-2)"
"214","P007(1-3)","P136(1-2)"
"215","P007(1-3)","P138(1-2)"
"216","P007(1-3)","P147(16-1)"
"217","P007(1-3)","P149(15-1)"
"218","P007(1-3)","P180(1-1)"
"219","P008(1-3)","P023(1-3)"
"220","P008(1-3)","P030(3-2)"
"221","P008(1-3)","P061(1-2)"
"222","P008(1-3)","P071(1-2)"
"223","P008(1-3)","P109(1-2)"
"224","P008(1-3)","P113(1-2)"
"225","P008(1-3)","P118(1-2)"
"226","P008(1-3)","P126(1-2)"
"227","P008(1-3)","P153(10-1)"
"228","P008(1-3)","P218(1-1)"
"229","P009(1-3)","P035(2-2)"
"230","P009(1-3)","P046(1-2)"
"231","P009(1-3)","P049(1-2)"
"232","P009(1-3)","P132(1-2)"
"233","P009(1-3)","P161(3-1)"
"234","P009(1-3)","P172(2-1)"
"235","P010(1-3)","P015(1-3)"
"236","P010(1-3)","P028(3-2)"
"237","P010(1-3)","P031(2-2)"
"238","P010(1-3)","P043(1-2)"
"239","P010(1-3)","P044(1-2)"
"240","P010(1-3)","P047(1-2)"
"241","P010(1-3)","P052(1-2)"
"242","P010(1-3)","P055(1-2)"
"243","P010(1-3)","P058(1-2)"
"244","P010(1-3)","P066(1-2)"
"245","P010(1-3)","P098(1-2)"
"246","P010(1-3)","P099(1-2)"
"247","P010(1-3)","P103(1-2)"
"248","P010(1-3)","P106(1-2)"
"249","P010(1-3)","P108(1-2)"
"250","P010(1-3)","P115(1-2)"
"251","P010(1-3)","P121(1-2)"
"252","P010(1-3)","P122(1-2)"
"253","P010(1-3)","P124(1-2)"
"254","P010(1-3)","P125(1-2)"
"255","P010(1-3)","P142(1-2)"
"256","P010(1-3)","P148(16-1)"
"257","P010(1-3)","P156(7-1)"
"258","P011(1-3)","P013(1-3)"
"259","P011(1-3)","P016(1-3)"
"260","P011(1-3)","P019(1-3)"
"261","P011(1-3)","P032(2-2)"
"262","P011(1-3)","P040(1-2)"
"263","P011(1-3)","P046(1-2)"
"264","P011(1-3)","P048(1-2)"
"265","P011(1-3)","P050(1-2)"
"266","P011(1-3)","P053(1-2)"
"267","P011(1-3)","P057(1-2)"
"268","P011(1-3)","P069(1-2)"
"269","P011(1-3)","P073(1-2)"
"270","P011(1-3)","P078(1-2)"
"271","P011(1-3)","P084(1-2)"
"272","P011(1-3)","P092(1-2)"
"273","P011(1-3)","P095(1-2)"
"274","P011(1-3)","P099(1-2)"
"275","P011(1-3)","P100(1-2)"
"276","P011(1-3)","P104(1-2)"
"277","P011(1-3)","P143(1-2)"
"278","P011(1-3)","P146(18-1)"
"279","P011(1-3)","P147(16-1)"
"280","P012(1-3)","P014(1-3)"
"281","P012(1-3)","P016(1-3)"
"282","P012(1-3)","P017(1-3)"
"283","P012(1-3)","P018(1-3)"
"284","P012(1-3)","P019(1-3)"
"285","P012(1-3)","P026(4-2)"
"286","P012(1-3)","P030(3-2)"
"287","P012(1-3)","P034(2-2)"
"288","P012(1-3)","P035(2-2)"
"289","P012(1-3)","P036(2-2)"
"290","P012(1-3)","P037(2-2)"
"291","P012(1-3)","P048(1-2)"
"292","P012(1-3)","P056(1-2)"
"293","P012(1-3)","P061(1-2)"
"294","P012(1-3)","P070(1-2)"
"295","P012(1-3)","P072(1-2)"
"296","P012(1-3)","P085(1-2)"
"297","P012(1-3)","P088(1-2)"
"298","P012(1-3)","P091(1-2)"
"299","P012(1-3)","P098(1-2)"
"300","P012(1-3)","P101(1-2)"
"301","P012(1-3)","P114(1-2)"
"302","P012(1-3)","P119(1-2)"
"303","P012(1-3)","P128(1-2)"
"304","P012(1-3)","P132(1-2)"
"305","P012(1-3)","P136(1-2)"
"306","P012(1-3)","P138(1-2)"
"307","P012(1-3)","P149(15-1)"
"308","P013(1-3)","P017(1-3)"
"309","P013(1-3)","P021(1-3)"
"310","P013(1-3)","P027(3-2)"
"311","P013(1-3)","P042(1-2)"
"312","P013(1-3)","P048(1-2)"
"313","P013(1-3)","P064(1-2)"
"314","P013(1-3)","P072(1-2)"
"315","P013(1-3)","P079(1-2)"
"316","P013(1-3)","P090(1-2)"
"317","P013(1-3)","P093(1-2)"
"318","P013(1-3)","P107(1-2)"
"319","P013(1-3)","P111(1-2)"
"320","P013(1-3)","P123(1-2)"
"321","P013(1-3)","P130(1-2)"
"322","P013(1-3)","P131(1-2)"
"323","P013(1-3)","P140(1-2)"
"324","P013(1-3)","P157(5-1)"
"325","P014(1-3)","P016(1-3)"
"326","P014(1-3)","P017(1-3)"
"327","P014(1-3)","P018(1-3)"
"328","P014(1-3)","P019(1-3)"
"329","P014(1-3)","P026(4-2)"
"330","P014(1-3)","P030(3-2)"
"331","P014(1-3)","P034(2-2)"
"332","P014(1-3)","P035(2-2)"
"333","P014(1-3)","P036(2-2)"
"334","P014(1-3)","P037(2-2)"
"335","P014(1-3)","P048(1-2)"
"336","P014(1-3)","P056(1-2)"
"337","P014(1-3)","P061(1-2)"
"338","P014(1-3)","P070(1-2)"
"339","P014(1-3)","P072(1-2)"
"340","P014(1-3)","P085(1-2)"
"341","P014(1-3)","P088(1-2)"
"342","P014(1-3)","P091(1-2)"
"343","P014(1-3)","P098(1-2)"
"344","P014(1-3)","P101(1-2)"
"345","P014(1-3)","P114(1-2)"
"346","P014(1-3)","P119(1-2)"
"347","P014(1-3)","P128(1-2)"
"348","P014(1-3)","P132(1-2)"
"349","P014(1-3)","P136(1-2)"
"350","P014(1-3)","P138(1-2)"
"351","P014(1-3)","P149(15-1)"
"352","P015(1-3)","P018(1-3)"
"353","P015(1-3)","P028(3-2)"
"354","P015(1-3)","P031(2-2)"
"355","P015(1-3)","P040(1-2)"
"356","P015(1-3)","P043(1-2)"
"357","P015(1-3)","P044(1-2)"
"358","P015(1-3)","P047(1-2)"
"359","P015(1-3)","P052(1-2)"
"360","P015(1-3)","P066(1-2)"
"361","P015(1-3)","P099(1-2)"
"362","P015(1-3)","P103(1-2)"
"363","P015(1-3)","P108(1-2)"
"364","P015(1-3)","P115(1-2)"
"365","P015(1-3)","P117(1-2)"
"366","P015(1-3)","P121(1-2)"
"367","P015(1-3)","P122(1-2)"
"368","P015(1-3)","P129(1-2)"
"369","P015(1-3)","P142(1-2)"
"370","P015(1-3)","P148(16-1)"
"371","P016(1-3)","P017(1-3)"
"372","P016(1-3)","P018(1-3)"
"373","P016(1-3)","P019(1-3)"
"374","P016(1-3)","P026(4-2)"
"375","P016(1-3)","P030(3-2)"
"376","P016(1-3)","P034(2-2)"
"377","P016(1-3)","P035(2-2)"
"378","P016(1-3)","P036(2-2)"
"379","P016(1-3)","P037(2-2)"
"380","P016(1-3)","P048(1-2)"
"381","P016(1-3)","P049(1-2)"
"382","P016(1-3)","P050(1-2)"
"383","P016(1-3)","P056(1-2)"
"384","P016(1-3)","P061(1-2)"
"385","P016(1-3)","P069(1-2)"
"386","P016(1-3)","P070(1-2)"
"387","P016(1-3)","P072(1-2)"
"388","P016(1-3)","P074(1-2)"
"389","P016(1-3)","P083(1-2)"
"390","P016(1-3)","P085(1-2)"
"391","P016(1-3)","P088(1-2)"
"392","P016(1-3)","P091(1-2)"
"393","P016(1-3)","P092(1-2)"
"394","P016(1-3)","P095(1-2)"
"395","P016(1-3)","P098(1-2)"
"396","P016(1-3)","P100(1-2)"
"397","P016(1-3)","P101(1-2)"
"398","P016(1-3)","P104(1-2)"
"399","P016(1-3)","P114(1-2)"
"400","P016(1-3)","P118(1-2)"
"401","P016(1-3)","P119(1-2)"
"402","P016(1-3)","P121(1-2)"
"403","P016(1-3)","P123(1-2)"
"404","P016(1-3)","P128(1-2)"
"405","P016(1-3)","P132(1-2)"
"406","P016(1-3)","P133(1-2)"
"407","P016(1-3)","P134(1-2)"
"408","P016(1-3)","P136(1-2)"
"409","P016(1-3)","P138(1-2)"
"410","P016(1-3)","P143(1-2)"
"411","P016(1-3)","P146(18-1)"
"412","P016(1-3)","P149(15-1)"
"413","P016(1-3)","P152(11-1)"
"414","P017(1-3)","P018(1-3)"
"415","P017(1-3)","P019(1-3)"
"416","P017(1-3)","P020(1-3)"
"417","P017(1-3)","P021(1-3)"
"418","P017(1-3)","P026(4-2)"
"419","P017(1-3)","P027(3-2)"
"420","P017(1-3)","P030(3-2)"
"421","P017(1-3)","P034(2-2)"
"422","P017(1-3)","P035(2-2)"
"423","P017(1-3)","P036(2-2)"
"424","P017(1-3)","P037(2-2)"
"425","P017(1-3)","P042(1-2)"
"426","P017(1-3)","P048(1-2)"
"427","P017(1-3)","P051(1-2)"
"428","P017(1-3)","P056(1-2)"
"429","P017(1-3)","P061(1-2)"
"430","P017(1-3)","P064(1-2)"
"431","P017(1-3)","P070(1-2)"
"432","P017(1-3)","P072(1-2)"
"433","P017(1-3)","P079(1-2)"
"434","P017(1-3)","P085(1-2)"
"435","P017(1-3)","P088(1-2)"
"436","P017(1-3)","P090(1-2)"
"437","P017(1-3)","P091(1-2)"
"438","P017(1-3)","P093(1-2)"
"439","P017(1-3)","P098(1-2)"
"440","P017(1-3)","P101(1-2)"
"441","P017(1-3)","P107(1-2)"
"442","P017(1-3)","P111(1-2)"
"443","P017(1-3)","P114(1-2)"
"444","P017(1-3)","P119(1-2)"
"445","P017(1-3)","P123(1-2)"
"446","P017(1-3)","P128(1-2)"
"447","P017(1-3)","P130(1-2)"
"448","P017(1-3)","P131(1-2)"
"449","P017(1-3)","P132(1-2)"
"450","P017(1-3)","P136(1-2)"
"451","P017(1-3)","P138(1-2)"
"452","P017(1-3)","P140(1-2)"
"453","P017(1-3)","P149(15-1)"
"454","P017(1-3)","P157(5-1)"
"455","P018(1-3)","P019(1-3)"
"456","P018(1-3)","P026(4-2)"
"457","P018(1-3)","P030(3-2)"
"458","P018(1-3)","P034(2-2)"
"459","P018(1-3)","P035(2-2)"
"460","P018(1-3)","P036(2-2)"
"461","P018(1-3)","P037(2-2)"
"462","P018(1-3)","P048(1-2)"
"463","P018(1-3)","P049(1-2)"
"464","P018(1-3)","P052(1-2)"
"465","P018(1-3)","P056(1-2)"
"466","P018(1-3)","P061(1-2)"
"467","P018(1-3)","P070(1-2)"
"468","P018(1-3)","P072(1-2)"
"469","P018(1-3)","P074(1-2)"
"470","P018(1-3)","P083(1-2)"
"471","P018(1-3)","P085(1-2)"
"472","P018(1-3)","P088(1-2)"
"473","P018(1-3)","P091(1-2)"
"474","P018(1-3)","P098(1-2)"
"475","P018(1-3)","P101(1-2)"
"476","P018(1-3)","P114(1-2)"
"477","P018(1-3)","P118(1-2)"
"478","P018(1-3)","P119(1-2)"
"479","P018(1-3)","P121(1-2)"
"480","P018(1-3)","P123(1-2)"
"481","P018(1-3)","P128(1-2)"
"482","P018(1-3)","P132(1-2)"
"483","P018(1-3)","P133(1-2)"
"484","P018(1-3)","P134(1-2)"
"485","P018(1-3)","P136(1-2)"
"486","P018(1-3)","P138(1-2)"
"487","P018(1-3)","P149(15-1)"
"488","P018(1-3)","P152(11-1)"
"489","P019(1-3)","P026(4-2)"
"490","P019(1-3)","P030(3-2)"
"491","P019(1-3)","P032(2-2)"
"492","P019(1-3)","P034(2-2)"
"493","P019(1-3)","P035(2-2)"
"494","P019(1-3)","P036(2-2)"
"495","P019(1-3)","P037(2-2)"
"496","P019(1-3)","P040(1-2)"
"497","P019(1-3)","P046(1-2)"
"498","P019(1-3)","P048(1-2)"
"499","P019(1-3)","P053(1-2)"
"500","P019(1-3)","P056(1-2)"
"501","P019(1-3)","P057(1-2)"
"502","P019(1-3)","P061(1-2)"
"503","P019(1-3)","P070(1-2)"
"504","P019(1-3)","P072(1-2)"
"505","P019(1-3)","P073(1-2)"
"506","P019(1-3)","P078(1-2)"
"507","P019(1-3)","P084(1-2)"
"508","P019(1-3)","P085(1-2)"
"509","P019(1-3)","P088(1-2)"
"510","P019(1-3)","P091(1-2)"
"511","P019(1-3)","P098(1-2)"
"512","P019(1-3)","P099(1-2)"
"513","P019(1-3)","P101(1-2)"
"514","P019(1-3)","P114(1-2)"
"515","P019(1-3)","P119(1-2)"
"516","P019(1-3)","P128(1-2)"
"517","P019(1-3)","P132(1-2)"
"518","P019(1-3)","P136(1-2)"
"519","P019(1-3)","P138(1-2)"
"520","P019(1-3)","P147(16-1)"
"521","P019(1-3)","P149(15-1)"
"522","P020(1-3)","P051(1-2)"
"523","P020(1-3)","P191(1-1)"
"524","P021(1-3)","P027(3-2)"
"525","P021(1-3)","P039(1-2)"
"526","P021(1-3)","P042(1-2)"
"527","P021(1-3)","P064(1-2)"
"528","P021(1-3)","P072(1-2)"
"529","P021(1-3)","P079(1-2)"
"530","P021(1-3)","P090(1-2)"
"531","P021(1-3)","P093(1-2)"
"532","P021(1-3)","P107(1-2)"
"533","P021(1-3)","P111(1-2)"
"534","P021(1-3)","P123(1-2)"
"535","P021(1-3)","P130(1-2)"
"536","P021(1-3)","P131(1-2)"
"537","P021(1-3)","P140(1-2)"
"538","P021(1-3)","P157(5-1)"
"539","P023(1-3)","P030(3-2)"
"540","P023(1-3)","P032(2-2)"
"541","P023(1-3)","P054(1-2)"
"542","P023(1-3)","P071(1-2)"
"543","P023(1-3)","P081(1-2)"
"544","P023(1-3)","P109(1-2)"
"545","P023(1-3)","P113(1-2)"
"546","P023(1-3)","P118(1-2)"
"547","P023(1-3)","P126(1-2)"
"548","P023(1-3)","P139(1-2)"
"549","P023(1-3)","P153(10-1)"
"550","P023(1-3)","P167(3-1)"
"551","P023(1-3)","P196(1-1)"
"552","P024(1-3)","P059(1-2)"
"553","P024(1-3)","P080(1-2)"
"554","P024(1-3)","P084(1-2)"
"555","P024(1-3)","P137(1-2)"
"556","P024(1-3)","P168(3-1)"
"557","P024(1-3)","P173(2-1)"
"558","P025(1-3)","P090(1-2)"
"559","P025(1-3)","P144(1-2)"
"560","P025(1-3)","P209(1-1)"
"561","P026(4-2)","P030(3-2)"
"562","P026(4-2)","P034(2-2)"
"563","P026(4-2)","P035(2-2)"
"564","P026(4-2)","P036(2-2)"
"565","P026(4-2)","P037(2-2)"
"566","P026(4-2)","P048(1-2)"
"567","P026(4-2)","P049(1-2)"
"568","P026(4-2)","P056(1-2)"
"569","P026(4-2)","P061(1-2)"
"570","P026(4-2)","P070(1-2)"
"571","P026(4-2)","P072(1-2)"
"572","P026(4-2)","P074(1-2)"
"573","P026(4-2)","P083(1-2)"
"574","P026(4-2)","P085(1-2)"
"575","P026(4-2)","P088(1-2)"
"576","P026(4-2)","P091(1-2)"
"577","P026(4-2)","P098(1-2)"
"578","P026(4-2)","P101(1-2)"
"579","P026(4-2)","P114(1-2)"
"580","P026(4-2)","P118(1-2)"
"581","P026(4-2)","P119(1-2)"
"582","P026(4-2)","P121(1-2)"
"583","P026(4-2)","P123(1-2)"
"584","P026(4-2)","P128(1-2)"
"585","P026(4-2)","P132(1-2)"
"586","P026(4-2)","P133(1-2)"
"587","P026(4-2)","P134(1-2)"
"588","P026(4-2)","P136(1-2)"
"589","P026(4-2)","P138(1-2)"
"590","P026(4-2)","P149(15-1)"
"591","P026(4-2)","P152(11-1)"
"592","P027(3-2)","P036(2-2)"
"593","P027(3-2)","P042(1-2)"
"594","P027(3-2)","P053(1-2)"
"595","P027(3-2)","P064(1-2)"
"596","P027(3-2)","P065(1-2)"
"597","P027(3-2)","P072(1-2)"
"598","P027(3-2)","P076(1-2)"
"599","P027(3-2)","P077(1-2)"
"600","P027(3-2)","P079(1-2)"
"601","P027(3-2)","P086(1-2)"
"602","P027(3-2)","P090(1-2)"
"603","P027(3-2)","P093(1-2)"
"604","P027(3-2)","P107(1-2)"
"605","P027(3-2)","P111(1-2)"
"606","P027(3-2)","P123(1-2)"
"607","P027(3-2)","P125(1-2)"
"608","P027(3-2)","P130(1-2)"
"609","P027(3-2)","P131(1-2)"
"610","P027(3-2)","P135(1-2)"
"611","P027(3-2)","P140(1-2)"
"612","P027(3-2)","P143(1-2)"
"613","P027(3-2)","P150(15-1)"
"614","P027(3-2)","P157(5-1)"
"615","P028(3-2)","P031(2-2)"
"616","P028(3-2)","P043(1-2)"
"617","P028(3-2)","P044(1-2)"
"618","P028(3-2)","P047(1-2)"
"619","P028(3-2)","P052(1-2)"
"620","P028(3-2)","P059(1-2)"
"621","P028(3-2)","P066(1-2)"
"622","P028(3-2)","P067(1-2)"
"623","P028(3-2)","P099(1-2)"
"624","P028(3-2)","P103(1-2)"
"625","P028(3-2)","P108(1-2)"
"626","P028(3-2)","P115(1-2)"
"627","P028(3-2)","P121(1-2)"
"628","P028(3-2)","P122(1-2)"
"629","P028(3-2)","P128(1-2)"
"630","P028(3-2)","P142(1-2)"
"631","P028(3-2)","P148(16-1)"
"632","P028(3-2)","P204(1-1)"
"633","P029(3-2)","P033(2-2)"
"634","P029(3-2)","P038(2-2)"
"635","P029(3-2)","P042(1-2)"
"636","P029(3-2)","P050(1-2)"
"637","P029(3-2)","P051(1-2)"
"638","P029(3-2)","P058(1-2)"
"639","P029(3-2)","P062(1-2)"
"640","P029(3-2)","P063(1-2)"
"641","P029(3-2)","P068(1-2)"
"642","P029(3-2)","P071(1-2)"
"643","P029(3-2)","P078(1-2)"
"644","P029(3-2)","P088(1-2)"
"645","P029(3-2)","P093(1-2)"
"646","P029(3-2)","P096(1-2)"
"647","P029(3-2)","P104(1-2)"
"648","P029(3-2)","P106(1-2)"
"649","P029(3-2)","P110(1-2)"
"650","P029(3-2)","P113(1-2)"
"651","P029(3-2)","P116(1-2)"
"652","P029(3-2)","P117(1-2)"
"653","P029(3-2)","P127(1-2)"
"654","P029(3-2)","P137(1-2)"
"655","P029(3-2)","P138(1-2)"
"656","P029(3-2)","P145(18-1)"
"657","P029(3-2)","P154(7-1)"
"658","P030(3-2)","P034(2-2)"
"659","P030(3-2)","P035(2-2)"
"660","P030(3-2)","P036(2-2)"
"661","P030(3-2)","P037(2-2)"
"662","P030(3-2)","P048(1-2)"
"663","P030(3-2)","P056(1-2)"
"664","P030(3-2)","P061(1-2)"
"665","P030(3-2)","P070(1-2)"
"666","P030(3-2)","P071(1-2)"
"667","P030(3-2)","P072(1-2)"
"668","P030(3-2)","P085(1-2)"
"669","P030(3-2)","P088(1-2)"
"670","P030(3-2)","P091(1-2)"
"671","P030(3-2)","P098(1-2)"
"672","P030(3-2)","P101(1-2)"
"673","P030(3-2)","P109(1-2)"
"674","P030(3-2)","P113(1-2)"
"675","P030(3-2)","P114(1-2)"
"676","P030(3-2)","P118(1-2)"
"677","P030(3-2)","P119(1-2)"
"678","P030(3-2)","P126(1-2)"
"679","P030(3-2)","P128(1-2)"
"680","P030(3-2)","P132(1-2)"
"681","P030(3-2)","P136(1-2)"
"682","P030(3-2)","P138(1-2)"
"683","P030(3-2)","P149(15-1)"
"684","P030(3-2)","P153(10-1)"
"685","P031(2-2)","P040(1-2)"
"686","P031(2-2)","P043(1-2)"
"687","P031(2-2)","P044(1-2)"
"688","P031(2-2)","P047(1-2)"
"689","P031(2-2)","P052(1-2)"
"690","P031(2-2)","P066(1-2)"
"691","P031(2-2)","P099(1-2)"
"692","P031(2-2)","P103(1-2)"
"693","P031(2-2)","P108(1-2)"
"694","P031(2-2)","P115(1-2)"
"695","P031(2-2)","P117(1-2)"
"696","P031(2-2)","P121(1-2)"
"697","P031(2-2)","P122(1-2)"
"698","P031(2-2)","P129(1-2)"
"699","P031(2-2)","P142(1-2)"
"700","P031(2-2)","P148(16-1)"
"701","P032(2-2)","P040(1-2)"
"702","P032(2-2)","P046(1-2)"
"703","P032(2-2)","P053(1-2)"
"704","P032(2-2)","P054(1-2)"
"705","P032(2-2)","P057(1-2)"
"706","P032(2-2)","P073(1-2)"
"707","P032(2-2)","P078(1-2)"
"708","P032(2-2)","P081(1-2)"
"709","P032(2-2)","P084(1-2)"
"710","P032(2-2)","P099(1-2)"
"711","P032(2-2)","P139(1-2)"
"712","P032(2-2)","P147(16-1)"
"713","P032(2-2)","P167(3-1)"
"714","P033(2-2)","P037(2-2)"
"715","P033(2-2)","P038(2-2)"
"716","P033(2-2)","P051(1-2)"
"717","P033(2-2)","P058(1-2)"
"718","P033(2-2)","P062(1-2)"
"719","P033(2-2)","P063(1-2)"
"720","P033(2-2)","P068(1-2)"
"721","P033(2-2)","P078(1-2)"
"722","P033(2-2)","P080(1-2)"
"723","P033(2-2)","P093(1-2)"
"724","P033(2-2)","P096(1-2)"
"725","P033(2-2)","P102(1-2)"
"726","P033(2-2)","P104(1-2)"
"727","P033(2-2)","P110(1-2)"
"728","P033(2-2)","P112(1-2)"
"729","P033(2-2)","P113(1-2)"
"730","P033(2-2)","P116(1-2)"
"731","P033(2-2)","P117(1-2)"
"732","P033(2-2)","P127(1-2)"
"733","P033(2-2)","P138(1-2)"
"734","P033(2-2)","P145(18-1)"
"735","P033(2-2)","P155(7-1)"
"736","P034(2-2)","P035(2-2)"
"737","P034(2-2)","P036(2-2)"
"738","P034(2-2)","P037(2-2)"
"739","P034(2-2)","P038(2-2)"
"740","P034(2-2)","P047(1-2)"
"741","P034(2-2)","P048(1-2)"
"742","P034(2-2)","P056(1-2)"
"743","P034(2-2)","P061(1-2)"
"744","P034(2-2)","P070(1-2)"
"745","P034(2-2)","P072(1-2)"
"746","P034(2-2)","P082(1-2)"
"747","P034(2-2)","P085(1-2)"
"748","P034(2-2)","P088(1-2)"
"749","P034(2-2)","P089(1-2)"
"750","P034(2-2)","P091(1-2)"
"751","P034(2-2)","P097(1-2)"
"752","P034(2-2)","P098(1-2)"
"753","P034(2-2)","P101(1-2)"
"754","P034(2-2)","P105(1-2)"
"755","P034(2-2)","P114(1-2)"
"756","P034(2-2)","P119(1-2)"
"757","P034(2-2)","P126(1-2)"
"758","P034(2-2)","P128(1-2)"
"759","P034(2-2)","P129(1-2)"
"760","P034(2-2)","P132(1-2)"
"761","P034(2-2)","P136(1-2)"
"762","P034(2-2)","P138(1-2)"
"763","P034(2-2)","P140(1-2)"
"764","P034(2-2)","P149(15-1)"
"765","P034(2-2)","P151(12-1)"
"766","P035(2-2)","P036(2-2)"
"767","P035(2-2)","P037(2-2)"
"768","P035(2-2)","P046(1-2)"
"769","P035(2-2)","P048(1-2)"
"770","P035(2-2)","P056(1-2)"
"771","P035(2-2)","P061(1-2)"
"772","P035(2-2)","P070(1-2)"
"773","P035(2-2)","P072(1-2)"
"774","P035(2-2)","P085(1-2)"
"775","P035(2-2)","P088(1-2)"
"776","P035(2-2)","P091(1-2)"
"777","P035(2-2)","P098(1-2)"
"778","P035(2-2)","P101(1-2)"
"779","P035(2-2)","P114(1-2)"
"780","P035(2-2)","P119(1-2)"
"781","P035(2-2)","P128(1-2)"
"782","P035(2-2)","P132(1-2)"
"783","P035(2-2)","P136(1-2)"
"784","P035(2-2)","P138(1-2)"
"785","P035(2-2)","P149(15-1)"
"786","P035(2-2)","P161(3-1)"
"787","P036(2-2)","P037(2-2)"
"788","P036(2-2)","P048(1-2)"
"789","P036(2-2)","P053(1-2)"
"790","P036(2-2)","P056(1-2)"
"791","P036(2-2)","P061(1-2)"
"792","P036(2-2)","P065(1-2)"
"793","P036(2-2)","P070(1-2)"
"794","P036(2-2)","P072(1-2)"
"795","P036(2-2)","P076(1-2)"
"796","P036(2-2)","P077(1-2)"
"797","P036(2-2)","P085(1-2)"
"798","P036(2-2)","P086(1-2)"
"799","P036(2-2)","P088(1-2)"
"800","P036(2-2)","P091(1-2)"
"801","P036(2-2)","P098(1-2)"
"802","P036(2-2)","P101(1-2)"
"803","P036(2-2)","P114(1-2)"
"804","P036(2-2)","P119(1-2)"
"805","P036(2-2)","P125(1-2)"
"806","P036(2-2)","P128(1-2)"
"807","P036(2-2)","P132(1-2)"
"808","P036(2-2)","P135(1-2)"
"809","P036(2-2)","P136(1-2)"
"810","P036(2-2)","P138(1-2)"
"811","P036(2-2)","P143(1-2)"
"812","P036(2-2)","P149(15-1)"
"813","P036(2-2)","P150(15-1)"
"814","P037(2-2)","P048(1-2)"
"815","P037(2-2)","P056(1-2)"
"816","P037(2-2)","P061(1-2)"
"817","P037(2-2)","P070(1-2)"
"818","P037(2-2)","P072(1-2)"
"819","P037(2-2)","P080(1-2)"
"820","P037(2-2)","P085(1-2)"
"821","P037(2-2)","P088(1-2)"
"822","P037(2-2)","P091(1-2)"
"823","P037(2-2)","P098(1-2)"
"824","P037(2-2)","P101(1-2)"
"825","P037(2-2)","P102(1-2)"
"826","P037(2-2)","P112(1-2)"
"827","P037(2-2)","P114(1-2)"
"828","P037(2-2)","P119(1-2)"
"829","P037(2-2)","P128(1-2)"
"830","P037(2-2)","P132(1-2)"
"831","P037(2-2)","P136(1-2)"
"832","P037(2-2)","P138(1-2)"
"833","P037(2-2)","P149(15-1)"
"834","P037(2-2)","P155(7-1)"
"835","P038(2-2)","P047(1-2)"
"836","P038(2-2)","P051(1-2)"
"837","P038(2-2)","P058(1-2)"
"838","P038(2-2)","P062(1-2)"
"839","P038(2-2)","P063(1-2)"
"840","P038(2-2)","P068(1-2)"
"841","P038(2-2)","P078(1-2)"
"842","P038(2-2)","P082(1-2)"
"843","P038(2-2)","P089(1-2)"
"844","P038(2-2)","P093(1-2)"
"845","P038(2-2)","P096(1-2)"
"846","P038(2-2)","P097(1-2)"
"847","P038(2-2)","P104(1-2)"
"848","P038(2-2)","P105(1-2)"
"849","P038(2-2)","P110(1-2)"
"850","P038(2-2)","P113(1-2)"
"851","P038(2-2)","P116(1-2)"
"852","P038(2-2)","P117(1-2)"
"853","P038(2-2)","P126(1-2)"
"854","P038(2-2)","P127(1-2)"
"855","P038(2-2)","P129(1-2)"
"856","P038(2-2)","P138(1-2)"
"857","P038(2-2)","P140(1-2)"
"858","P038(2-2)","P145(18-1)"
"859","P038(2-2)","P151(12-1)"
"860","P040(1-2)","P046(1-2)"
"861","P040(1-2)","P053(1-2)"
"862","P040(1-2)","P057(1-2)"
"863","P040(1-2)","P073(1-2)"
"864","P040(1-2)","P078(1-2)"
"865","P040(1-2)","P084(1-2)"
"866","P040(1-2)","P099(1-2)"
"867","P040(1-2)","P117(1-2)"
"868","P040(1-2)","P129(1-2)"
"869","P040(1-2)","P147(16-1)"
"870","P042(1-2)","P050(1-2)"
"871","P042(1-2)","P064(1-2)"
"872","P042(1-2)","P071(1-2)"
"873","P042(1-2)","P072(1-2)"
"874","P042(1-2)","P079(1-2)"
"875","P042(1-2)","P088(1-2)"
"876","P042(1-2)","P090(1-2)"
"877","P042(1-2)","P093(1-2)"
"878","P042(1-2)","P106(1-2)"
"879","P042(1-2)","P107(1-2)"
"880","P042(1-2)","P111(1-2)"
"881","P042(1-2)","P123(1-2)"
"882","P042(1-2)","P130(1-2)"
"883","P042(1-2)","P131(1-2)"
"884","P042(1-2)","P137(1-2)"
"885","P042(1-2)","P140(1-2)"
"886","P042(1-2)","P154(7-1)"
"887","P042(1-2)","P157(5-1)"
"888","P043(1-2)","P044(1-2)"
"889","P043(1-2)","P047(1-2)"
"890","P043(1-2)","P052(1-2)"
"891","P043(1-2)","P066(1-2)"
"892","P043(1-2)","P082(1-2)"
"893","P043(1-2)","P099(1-2)"
"894","P043(1-2)","P103(1-2)"
"895","P043(1-2)","P108(1-2)"
"896","P043(1-2)","P115(1-2)"
"897","P043(1-2)","P119(1-2)"
"898","P043(1-2)","P121(1-2)"
"899","P043(1-2)","P122(1-2)"
"900","P043(1-2)","P131(1-2)"
"901","P043(1-2)","P142(1-2)"
"902","P043(1-2)","P148(16-1)"
"903","P044(1-2)","P047(1-2)"
"904","P044(1-2)","P052(1-2)"
"905","P044(1-2)","P066(1-2)"
"906","P044(1-2)","P099(1-2)"
"907","P044(1-2)","P103(1-2)"
"908","P044(1-2)","P108(1-2)"
"909","P044(1-2)","P115(1-2)"
"910","P044(1-2)","P121(1-2)"
"911","P044(1-2)","P122(1-2)"
"912","P044(1-2)","P142(1-2)"
"913","P044(1-2)","P148(16-1)"
"914","P045(1-2)","P060(1-2)"
"915","P045(1-2)","P062(1-2)"
"916","P045(1-2)","P079(1-2)"
"917","P045(1-2)","P086(1-2)"
"918","P045(1-2)","P115(1-2)"
"919","P045(1-2)","P133(1-2)"
"920","P045(1-2)","P164(3-1)"
"921","P045(1-2)","P197(1-1)"
"922","P046(1-2)","P053(1-2)"
"923","P046(1-2)","P057(1-2)"
"924","P046(1-2)","P073(1-2)"
"925","P046(1-2)","P078(1-2)"
"926","P046(1-2)","P084(1-2)"
"927","P046(1-2)","P099(1-2)"
"928","P046(1-2)","P147(16-1)"
"929","P046(1-2)","P161(3-1)"
"930","P047(1-2)","P052(1-2)"
"931","P047(1-2)","P066(1-2)"
"932","P047(1-2)","P082(1-2)"
"933","P047(1-2)","P089(1-2)"
"934","P047(1-2)","P097(1-2)"
"935","P047(1-2)","P099(1-2)"
"936","P047(1-2)","P103(1-2)"
"937","P047(1-2)","P105(1-2)"
"938","P047(1-2)","P108(1-2)"
"939","P047(1-2)","P115(1-2)"
"940","P047(1-2)","P121(1-2)"
"941","P047(1-2)","P122(1-2)"
"942","P047(1-2)","P126(1-2)"
"943","P047(1-2)","P129(1-2)"
"944","P047(1-2)","P140(1-2)"
"945","P047(1-2)","P142(1-2)"
"946","P047(1-2)","P148(16-1)"
"947","P047(1-2)","P151(12-1)"
"948","P048(1-2)","P056(1-2)"
"949","P048(1-2)","P061(1-2)"
"950","P048(1-2)","P070(1-2)"
"951","P048(1-2)","P072(1-2)"
"952","P048(1-2)","P085(1-2)"
"953","P048(1-2)","P088(1-2)"
"954","P048(1-2)","P091(1-2)"
"955","P048(1-2)","P098(1-2)"
"956","P048(1-2)","P101(1-2)"
"957","P048(1-2)","P114(1-2)"
"958","P048(1-2)","P119(1-2)"
"959","P048(1-2)","P128(1-2)"
"960","P048(1-2)","P132(1-2)"
"961","P048(1-2)","P136(1-2)"
"962","P048(1-2)","P138(1-2)"
"963","P048(1-2)","P149(15-1)"
"964","P049(1-2)","P074(1-2)"
"965","P049(1-2)","P083(1-2)"
"966","P049(1-2)","P118(1-2)"
"967","P049(1-2)","P121(1-2)"
"968","P049(1-2)","P123(1-2)"
"969","P049(1-2)","P132(1-2)"
"970","P049(1-2)","P133(1-2)"
"971","P049(1-2)","P134(1-2)"
"972","P049(1-2)","P152(11-1)"
"973","P049(1-2)","P172(2-1)"
"974","P050(1-2)","P069(1-2)"
"975","P050(1-2)","P071(1-2)"
"976","P050(1-2)","P088(1-2)"
"977","P050(1-2)","P092(1-2)"
"978","P050(1-2)","P095(1-2)"
"979","P050(1-2)","P100(1-2)"
"980","P050(1-2)","P104(1-2)"
"981","P050(1-2)","P106(1-2)"
"982","P050(1-2)","P137(1-2)"
"983","P050(1-2)","P143(1-2)"
"984","P050(1-2)","P146(18-1)"
"985","P050(1-2)","P154(7-1)"
"986","P051(1-2)","P058(1-2)"
"987","P051(1-2)","P062(1-2)"
"988","P051(1-2)","P063(1-2)"
"989","P051(1-2)","P068(1-2)"
"990","P051(1-2)","P078(1-2)"
"991","P051(1-2)","P093(1-2)"
"992","P051(1-2)","P096(1-2)"
"993","P051(1-2)","P104(1-2)"
"994","P051(1-2)","P110(1-2)"
"995","P051(1-2)","P113(1-2)"
"996","P051(1-2)","P116(1-2)"
"997","P051(1-2)","P117(1-2)"
"998","P051(1-2)","P127(1-2)"
"999","P051(1-2)","P138(1-2)"
"1000","P051(1-2)","P145(18-1)"
"1001","P052(1-2)","P066(1-2)"
"1002","P052(1-2)","P099(1-2)"
"1003","P052(1-2)","P103(1-2)"
"1004","P052(1-2)","P108(1-2)"
"1005","P052(1-2)","P115(1-2)"
"1006","P052(1-2)","P121(1-2)"
"1007","P052(1-2)","P122(1-2)"
"1008","P052(1-2)","P142(1-2)"
"1009","P052(1-2)","P148(16-1)"
"1010","P053(1-2)","P057(1-2)"
"1011","P053(1-2)","P065(1-2)"
"1012","P053(1-2)","P073(1-2)"
"1013","P053(1-2)","P076(1-2)"
"1014","P053(1-2)","P077(1-2)"
"1015","P053(1-2)","P078(1-2)"
"1016","P053(1-2)","P084(1-2)"
"1017","P053(1-2)","P086(1-2)"
"1018","P053(1-2)","P099(1-2)"
"1019","P053(1-2)","P125(1-2)"
"1020","P053(1-2)","P135(1-2)"
"1021","P053(1-2)","P143(1-2)"
"1022","P053(1-2)","P147(16-1)"
"1023","P053(1-2)","P150(15-1)"
"1024","P054(1-2)","P081(1-2)"
"1025","P054(1-2)","P139(1-2)"
"1026","P054(1-2)","P167(3-1)"
"1027","P054(1-2)","P181(1-1)"
"1028","P055(1-2)","P058(1-2)"
"1029","P055(1-2)","P098(1-2)"
"1030","P055(1-2)","P106(1-2)"
"1031","P055(1-2)","P120(1-2)"
"1032","P055(1-2)","P124(1-2)"
"1033","P055(1-2)","P125(1-2)"
"1034","P055(1-2)","P156(7-1)"
"1035","P056(1-2)","P061(1-2)"
"1036","P056(1-2)","P070(1-2)"
"1037","P056(1-2)","P072(1-2)"
"1038","P056(1-2)","P085(1-2)"
"1039","P056(1-2)","P088(1-2)"
"1040","P056(1-2)","P091(1-2)"
"1041","P056(1-2)","P098(1-2)"
"1042","P056(1-2)","P101(1-2)"
"1043","P056(1-2)","P108(1-2)"
"1044","P056(1-2)","P114(1-2)"
"1045","P056(1-2)","P119(1-2)"
"1046","P056(1-2)","P128(1-2)"
"1047","P056(1-2)","P132(1-2)"
"1048","P056(1-2)","P135(1-2)"
"1049","P056(1-2)","P136(1-2)"
"1050","P056(1-2)","P138(1-2)"
"1051","P056(1-2)","P141(1-2)"
"1052","P056(1-2)","P149(15-1)"
"1053","P056(1-2)","P177(1-1)"
"1054","P057(1-2)","P060(1-2)"
"1055","P057(1-2)","P069(1-2)"
"1056","P057(1-2)","P073(1-2)"
"1057","P057(1-2)","P078(1-2)"
"1058","P057(1-2)","P084(1-2)"
"1059","P057(1-2)","P099(1-2)"
"1060","P057(1-2)","P147(16-1)"
"1061","P057(1-2)","P158(4-1)"
"1062","P058(1-2)","P062(1-2)"
"1063","P058(1-2)","P063(1-2)"
"1064","P058(1-2)","P068(1-2)"
"1065","P058(1-2)","P078(1-2)"
"1066","P058(1-2)","P093(1-2)"
"1067","P058(1-2)","P096(1-2)"
"1068","P058(1-2)","P098(1-2)"
"1069","P058(1-2)","P104(1-2)"
"1070","P058(1-2)","P106(1-2)"
"1071","P058(1-2)","P110(1-2)"
"1072","P058(1-2)","P113(1-2)"
"1073","P058(1-2)","P116(1-2)"
"1074","P058(1-2)","P117(1-2)"
"1075","P058(1-2)","P124(1-2)"
"1076","P058(1-2)","P125(1-2)"
"1077","P058(1-2)","P127(1-2)"
"1078","P058(1-2)","P138(1-2)"
"1079","P058(1-2)","P145(18-1)"
"1080","P058(1-2)","P156(7-1)"
"1081","P059(1-2)","P067(1-2)"
"1082","P059(1-2)","P080(1-2)"
"1083","P059(1-2)","P084(1-2)"
"1084","P059(1-2)","P128(1-2)"
"1085","P059(1-2)","P137(1-2)"
"1086","P059(1-2)","P168(3-1)"
"1087","P059(1-2)","P204(1-1)"
"1088","P060(1-2)","P062(1-2)"
"1089","P060(1-2)","P069(1-2)"
"1090","P060(1-2)","P115(1-2)"
"1091","P060(1-2)","P158(4-1)"
"1092","P060(1-2)","P164(3-1)"
"1093","P061(1-2)","P070(1-2)"
"1094","P061(1-2)","P072(1-2)"
"1095","P061(1-2)","P085(1-2)"
"1096","P061(1-2)","P088(1-2)"
"1097","P061(1-2)","P091(1-2)"
"1098","P061(1-2)","P098(1-2)"
"1099","P061(1-2)","P101(1-2)"
"1100","P061(1-2)","P114(1-2)"
"1101","P061(1-2)","P119(1-2)"
"1102","P061(1-2)","P128(1-2)"
"1103","P061(1-2)","P132(1-2)"
"1104","P061(1-2)","P136(1-2)"
"1105","P061(1-2)","P138(1-2)"
"1106","P061(1-2)","P149(15-1)"
"1107","P061(1-2)","P218(1-1)"
"1108","P062(1-2)","P063(1-2)"
"1109","P062(1-2)","P068(1-2)"
"1110","P062(1-2)","P078(1-2)"
"1111","P062(1-2)","P093(1-2)"
"1112","P062(1-2)","P096(1-2)"
"1113","P062(1-2)","P104(1-2)"
"1114","P062(1-2)","P110(1-2)"
"1115","P062(1-2)","P113(1-2)"
"1116","P062(1-2)","P115(1-2)"
"1117","P062(1-2)","P116(1-2)"
"1118","P062(1-2)","P117(1-2)"
"1119","P062(1-2)","P127(1-2)"
"1120","P062(1-2)","P138(1-2)"
"1121","P062(1-2)","P145(18-1)"
"1122","P062(1-2)","P164(3-1)"
"1123","P063(1-2)","P068(1-2)"
"1124","P063(1-2)","P078(1-2)"
"1125","P063(1-2)","P093(1-2)"
"1126","P063(1-2)","P096(1-2)"
"1127","P063(1-2)","P104(1-2)"
"1128","P063(1-2)","P110(1-2)"
"1129","P063(1-2)","P113(1-2)"
"1130","P063(1-2)","P116(1-2)"
"1131","P063(1-2)","P117(1-2)"
"1132","P063(1-2)","P127(1-2)"
"1133","P063(1-2)","P138(1-2)"
"1134","P063(1-2)","P145(18-1)"
"1135","P064(1-2)","P072(1-2)"
"1136","P064(1-2)","P079(1-2)"
"1137","P064(1-2)","P090(1-2)"
"1138","P064(1-2)","P093(1-2)"
"1139","P064(1-2)","P107(1-2)"
"1140","P064(1-2)","P111(1-2)"
"1141","P064(1-2)","P123(1-2)"
"1142","P064(1-2)","P130(1-2)"
"1143","P064(1-2)","P131(1-2)"
"1144","P064(1-2)","P140(1-2)"
"1145","P064(1-2)","P157(5-1)"
"1146","P065(1-2)","P076(1-2)"
"1147","P065(1-2)","P077(1-2)"
"1148","P065(1-2)","P086(1-2)"
"1149","P065(1-2)","P125(1-2)"
"1150","P065(1-2)","P135(1-2)"
"1151","P065(1-2)","P143(1-2)"
"1152","P065(1-2)","P150(15-1)"
"1153","P066(1-2)","P099(1-2)"
"1154","P066(1-2)","P103(1-2)"
"1155","P066(1-2)","P108(1-2)"
"1156","P066(1-2)","P115(1-2)"
"1157","P066(1-2)","P121(1-2)"
"1158","P066(1-2)","P122(1-2)"
"1159","P066(1-2)","P142(1-2)"
"1160","P066(1-2)","P148(16-1)"
"1161","P066(1-2)","P175(2-1)"
"1162","P067(1-2)","P128(1-2)"
"1163","P067(1-2)","P204(1-1)"
"1164","P068(1-2)","P078(1-2)"
"1165","P068(1-2)","P093(1-2)"
"1166","P068(1-2)","P096(1-2)"
"1167","P068(1-2)","P104(1-2)"
"1168","P068(1-2)","P110(1-2)"
"1169","P068(1-2)","P113(1-2)"
"1170","P068(1-2)","P116(1-2)"
"1171","P068(1-2)","P117(1-2)"
"1172","P068(1-2)","P127(1-2)"
"1173","P068(1-2)","P138(1-2)"
"1174","P068(1-2)","P145(18-1)"
"1175","P068(1-2)","P201(1-1)"
"1176","P069(1-2)","P092(1-2)"
"1177","P069(1-2)","P095(1-2)"
"1178","P069(1-2)","P100(1-2)"
"1179","P069(1-2)","P104(1-2)"
"1180","P069(1-2)","P143(1-2)"
"1181","P069(1-2)","P146(18-1)"
"1182","P069(1-2)","P158(4-1)"
"1183","P070(1-2)","P072(1-2)"
"1184","P070(1-2)","P085(1-2)"
"1185","P070(1-2)","P088(1-2)"
"1186","P070(1-2)","P091(1-2)"
"1187","P070(1-2)","P098(1-2)"
"1188","P070(1-2)","P101(1-2)"
"1189","P070(1-2)","P114(1-2)"
"1190","P070(1-2)","P119(1-2)"
"1191","P070(1-2)","P128(1-2)"
"1192","P070(1-2)","P132(1-2)"
"1193","P070(1-2)","P136(1-2)"
"1194","P070(1-2)","P138(1-2)"
"1195","P070(1-2)","P149(15-1)"
"1196","P071(1-2)","P088(1-2)"
"1197","P071(1-2)","P106(1-2)"
"1198","P071(1-2)","P109(1-2)"
"1199","P071(1-2)","P113(1-2)"
"1200","P071(1-2)","P118(1-2)"
"1201","P071(1-2)","P126(1-2)"
"1202","P071(1-2)","P137(1-2)"
"1203","P071(1-2)","P153(10-1)"
"1204","P071(1-2)","P154(7-1)"
"1205","P072(1-2)","P079(1-2)"
"1206","P072(1-2)","P085(1-2)"
"1207","P072(1-2)","P088(1-2)"
"1208","P072(1-2)","P090(1-2)"
"1209","P072(1-2)","P091(1-2)"
"1210","P072(1-2)","P093(1-2)"
"1211","P072(1-2)","P098(1-2)"
"1212","P072(1-2)","P101(1-2)"
"1213","P072(1-2)","P107(1-2)"
"1214","P072(1-2)","P111(1-2)"
"1215","P072(1-2)","P114(1-2)"
"1216","P072(1-2)","P119(1-2)"
"1217","P072(1-2)","P123(1-2)"
"1218","P072(1-2)","P128(1-2)"
"1219","P072(1-2)","P130(1-2)"
"1220","P072(1-2)","P131(1-2)"
"1221","P072(1-2)","P132(1-2)"
"1222","P072(1-2)","P136(1-2)"
"1223","P072(1-2)","P138(1-2)"
"1224","P072(1-2)","P140(1-2)"
"1225","P072(1-2)","P149(15-1)"
"1226","P072(1-2)","P157(5-1)"
"1227","P073(1-2)","P078(1-2)"
"1228","P073(1-2)","P084(1-2)"
"1229","P073(1-2)","P099(1-2)"
"1230","P073(1-2)","P147(16-1)"
"1231","P073(1-2)","P166(3-1)"
"1232","P074(1-2)","P083(1-2)"
"1233","P074(1-2)","P118(1-2)"
"1234","P074(1-2)","P121(1-2)"
"1235","P074(1-2)","P122(1-2)"
"1236","P074(1-2)","P123(1-2)"
"1237","P074(1-2)","P130(1-2)"
"1238","P074(1-2)","P133(1-2)"
"1239","P074(1-2)","P134(1-2)"
"1240","P074(1-2)","P152(11-1)"
"1241","P075(1-2)","P102(1-2)"
"1242","P075(1-2)","P199(1-1)"
"1243","P076(1-2)","P077(1-2)"
"1244","P076(1-2)","P086(1-2)"
"1245","P076(1-2)","P125(1-2)"
"1246","P076(1-2)","P135(1-2)"
"1247","P076(1-2)","P143(1-2)"
"1248","P076(1-2)","P150(15-1)"
"1249","P077(1-2)","P086(1-2)"
"1250","P077(1-2)","P125(1-2)"
"1251","P077(1-2)","P135(1-2)"
"1252","P077(1-2)","P143(1-2)"
"1253","P077(1-2)","P150(15-1)"
"1254","P078(1-2)","P084(1-2)"
"1255","P078(1-2)","P093(1-2)"
"1256","P078(1-2)","P096(1-2)"
"1257","P078(1-2)","P099(1-2)"
"1258","P078(1-2)","P104(1-2)"
"1259","P078(1-2)","P110(1-2)"
"1260","P078(1-2)","P113(1-2)"
"1261","P078(1-2)","P116(1-2)"
"1262","P078(1-2)","P117(1-2)"
"1263","P078(1-2)","P127(1-2)"
"1264","P078(1-2)","P138(1-2)"
"1265","P078(1-2)","P145(18-1)"
"1266","P078(1-2)","P147(16-1)"
"1267","P079(1-2)","P086(1-2)"
"1268","P079(1-2)","P090(1-2)"
"1269","P079(1-2)","P093(1-2)"
"1270","P079(1-2)","P107(1-2)"
"1271","P079(1-2)","P111(1-2)"
"1272","P079(1-2)","P123(1-2)"
"1273","P079(1-2)","P130(1-2)"
"1274","P079(1-2)","P131(1-2)"
"1275","P079(1-2)","P133(1-2)"
"1276","P079(1-2)","P140(1-2)"
"1277","P079(1-2)","P157(5-1)"
"1278","P079(1-2)","P197(1-1)"
"1279","P080(1-2)","P084(1-2)"
"1280","P080(1-2)","P102(1-2)"
"1281","P080(1-2)","P112(1-2)"
"1282","P080(1-2)","P137(1-2)"
"1283","P080(1-2)","P155(7-1)"
"1284","P080(1-2)","P168(3-1)"
"1285","P081(1-2)","P139(1-2)"
"1286","P081(1-2)","P167(3-1)"
"1287","P082(1-2)","P089(1-2)"
"1288","P082(1-2)","P097(1-2)"
"1289","P082(1-2)","P105(1-2)"
"1290","P082(1-2)","P119(1-2)"
"1291","P082(1-2)","P126(1-2)"
"1292","P082(1-2)","P129(1-2)"
"1293","P082(1-2)","P131(1-2)"
"1294","P082(1-2)","P140(1-2)"
"1295","P082(1-2)","P151(12-1)"
"1296","P083(1-2)","P118(1-2)"
"1297","P083(1-2)","P121(1-2)"
"1298","P083(1-2)","P123(1-2)"
"1299","P083(1-2)","P133(1-2)"
"1300","P083(1-2)","P134(1-2)"
"1301","P083(1-2)","P152(11-1)"
"1302","P084(1-2)","P099(1-2)"
"1303","P084(1-2)","P137(1-2)"
"1304","P084(1-2)","P147(16-1)"
"1305","P084(1-2)","P168(3-1)"
"1306","P085(1-2)","P088(1-2)"
"1307","P085(1-2)","P091(1-2)"
"1308","P085(1-2)","P098(1-2)"
"1309","P085(1-2)","P101(1-2)"
"1310","P085(1-2)","P114(1-2)"
"1311","P085(1-2)","P119(1-2)"
"1312","P085(1-2)","P128(1-2)"
"1313","P085(1-2)","P132(1-2)"
"1314","P085(1-2)","P136(1-2)"
"1315","P085(1-2)","P138(1-2)"
"1316","P085(1-2)","P149(15-1)"
"1317","P085(1-2)","P180(1-1)"
"1318","P086(1-2)","P125(1-2)"
"1319","P086(1-2)","P133(1-2)"
"1320","P086(1-2)","P135(1-2)"
"1321","P086(1-2)","P143(1-2)"
"1322","P086(1-2)","P150(15-1)"
"1323","P086(1-2)","P197(1-1)"
"1324","P087(1-2)","P097(1-2)"
"1325","P087(1-2)","P160(4-1)"
"1326","P088(1-2)","P091(1-2)"
"1327","P088(1-2)","P098(1-2)"
"1328","P088(1-2)","P101(1-2)"
"1329","P088(1-2)","P106(1-2)"
"1330","P088(1-2)","P114(1-2)"
"1331","P088(1-2)","P119(1-2)"
"1332","P088(1-2)","P128(1-2)"
"1333","P088(1-2)","P132(1-2)"
"1334","P088(1-2)","P136(1-2)"
"1335","P088(1-2)","P137(1-2)"
"1336","P088(1-2)","P138(1-2)"
"1337","P088(1-2)","P149(15-1)"
"1338","P088(1-2)","P154(7-1)"
"1339","P089(1-2)","P097(1-2)"
"1340","P089(1-2)","P105(1-2)"
"1341","P089(1-2)","P126(1-2)"
"1342","P089(1-2)","P129(1-2)"
"1343","P089(1-2)","P140(1-2)"
"1344","P089(1-2)","P151(12-1)"
"1345","P090(1-2)","P093(1-2)"
"1346","P090(1-2)","P107(1-2)"
"1347","P090(1-2)","P111(1-2)"
"1348","P090(1-2)","P123(1-2)"
"1349","P090(1-2)","P130(1-2)"
"1350","P090(1-2)","P131(1-2)"
"1351","P090(1-2)","P140(1-2)"
"1352","P090(1-2)","P144(1-2)"
"1353","P090(1-2)","P157(5-1)"
"1354","P090(1-2)","P209(1-1)"
"1355","P091(1-2)","P098(1-2)"
"1356","P091(1-2)","P101(1-2)"
"1357","P091(1-2)","P114(1-2)"
"1358","P091(1-2)","P119(1-2)"
"1359","P091(1-2)","P128(1-2)"
"1360","P091(1-2)","P132(1-2)"
"1361","P091(1-2)","P136(1-2)"
"1362","P091(1-2)","P138(1-2)"
"1363","P091(1-2)","P149(15-1)"
"1364","P092(1-2)","P095(1-2)"
"1365","P092(1-2)","P100(1-2)"
"1366","P092(1-2)","P104(1-2)"
"1367","P092(1-2)","P143(1-2)"
"1368","P092(1-2)","P146(18-1)"
"1369","P092(1-2)","P170(2-1)"
"1370","P093(1-2)","P096(1-2)"
"1371","P093(1-2)","P104(1-2)"
"1372","P093(1-2)","P107(1-2)"
"1373","P093(1-2)","P110(1-2)"
"1374","P093(1-2)","P111(1-2)"
"1375","P093(1-2)","P113(1-2)"
"1376","P093(1-2)","P116(1-2)"
"1377","P093(1-2)","P117(1-2)"
"1378","P093(1-2)","P123(1-2)"
"1379","P093(1-2)","P127(1-2)"
"1380","P093(1-2)","P130(1-2)"
"1381","P093(1-2)","P131(1-2)"
"1382","P093(1-2)","P138(1-2)"
"1383","P093(1-2)","P140(1-2)"
"1384","P093(1-2)","P145(18-1)"
"1385","P093(1-2)","P157(5-1)"
"1386","P094(1-2)","P205(1-1)"
"1387","P095(1-2)","P100(1-2)"
"1388","P095(1-2)","P104(1-2)"
"1389","P095(1-2)","P143(1-2)"
"1390","P095(1-2)","P146(18-1)"
"1391","P095(1-2)","P189(1-1)"
"1392","P096(1-2)","P104(1-2)"
"1393","P096(1-2)","P110(1-2)"
"1394","P096(1-2)","P113(1-2)"
"1395","P096(1-2)","P116(1-2)"
"1396","P096(1-2)","P117(1-2)"
"1397","P096(1-2)","P127(1-2)"
"1398","P096(1-2)","P138(1-2)"
"1399","P096(1-2)","P145(18-1)"
"1400","P097(1-2)","P105(1-2)"
"1401","P097(1-2)","P126(1-2)"
"1402","P097(1-2)","P129(1-2)"
"1403","P097(1-2)","P140(1-2)"
"1404","P097(1-2)","P151(12-1)"
"1405","P097(1-2)","P160(4-1)"
"1406","P098(1-2)","P101(1-2)"
"1407","P098(1-2)","P106(1-2)"
"1408","P098(1-2)","P114(1-2)"
"1409","P098(1-2)","P119(1-2)"
"1410","P098(1-2)","P124(1-2)"
"1411","P098(1-2)","P125(1-2)"
"1412","P098(1-2)","P128(1-2)"
"1413","P098(1-2)","P132(1-2)"
"1414","P098(1-2)","P136(1-2)"
"1415","P098(1-2)","P138(1-2)"
"1416","P098(1-2)","P149(15-1)"
"1417","P098(1-2)","P156(7-1)"
"1418","P099(1-2)","P103(1-2)"
"1419","P099(1-2)","P108(1-2)"
"1420","P099(1-2)","P115(1-2)"
"1421","P099(1-2)","P121(1-2)"
"1422","P099(1-2)","P122(1-2)"
"1423","P099(1-2)","P142(1-2)"
"1424","P099(1-2)","P147(16-1)"
"1425","P099(1-2)","P148(16-1)"
"1426","P100(1-2)","P104(1-2)"
"1427","P100(1-2)","P143(1-2)"
"1428","P100(1-2)","P146(18-1)"
"1429","P101(1-2)","P114(1-2)"
"1430","P101(1-2)","P119(1-2)"
"1431","P101(1-2)","P128(1-2)"
"1432","P101(1-2)","P132(1-2)"
"1433","P101(1-2)","P136(1-2)"
"1434","P101(1-2)","P138(1-2)"
"1435","P101(1-2)","P149(15-1)"
"1436","P102(1-2)","P112(1-2)"
"1437","P102(1-2)","P155(7-1)"
"1438","P102(1-2)","P199(1-1)"
"1439","P103(1-2)","P108(1-2)"
"1440","P103(1-2)","P115(1-2)"
"1441","P103(1-2)","P121(1-2)"
"1442","P103(1-2)","P122(1-2)"
"1443","P103(1-2)","P142(1-2)"
"1444","P103(1-2)","P148(16-1)"
"1445","P104(1-2)","P110(1-2)"
"1446","P104(1-2)","P113(1-2)"
"1447","P104(1-2)","P116(1-2)"
"1448","P104(1-2)","P117(1-2)"
"1449","P104(1-2)","P127(1-2)"
"1450","P104(1-2)","P138(1-2)"
"1451","P104(1-2)","P143(1-2)"
"1452","P104(1-2)","P145(18-1)"
"1453","P104(1-2)","P146(18-1)"
"1454","P105(1-2)","P126(1-2)"
"1455","P105(1-2)","P129(1-2)"
"1456","P105(1-2)","P140(1-2)"
"1457","P105(1-2)","P151(12-1)"
"1458","P105(1-2)","P165(3-1)"
"1459","P106(1-2)","P124(1-2)"
"1460","P106(1-2)","P125(1-2)"
"1461","P106(1-2)","P137(1-2)"
"1462","P106(1-2)","P154(7-1)"
"1463","P106(1-2)","P156(7-1)"
"1464","P107(1-2)","P111(1-2)"
"1465","P107(1-2)","P123(1-2)"
"1466","P107(1-2)","P130(1-2)"
"1467","P107(1-2)","P131(1-2)"
"1468","P107(1-2)","P140(1-2)"
"1469","P107(1-2)","P157(5-1)"
"1470","P108(1-2)","P115(1-2)"
"1471","P108(1-2)","P121(1-2)"
"1472","P108(1-2)","P122(1-2)"
"1473","P108(1-2)","P135(1-2)"
"1474","P108(1-2)","P141(1-2)"
"1475","P108(1-2)","P142(1-2)"
"1476","P108(1-2)","P148(16-1)"
"1477","P108(1-2)","P177(1-1)"
"1478","P109(1-2)","P113(1-2)"
"1479","P109(1-2)","P118(1-2)"
"1480","P109(1-2)","P126(1-2)"
"1481","P109(1-2)","P153(10-1)"
"1482","P110(1-2)","P113(1-2)"
"1483","P110(1-2)","P116(1-2)"
"1484","P110(1-2)","P117(1-2)"
"1485","P110(1-2)","P127(1-2)"
"1486","P110(1-2)","P138(1-2)"
"1487","P110(1-2)","P145(18-1)"
"1488","P111(1-2)","P123(1-2)"
"1489","P111(1-2)","P130(1-2)"
"1490","P111(1-2)","P131(1-2)"
"1491","P111(1-2)","P140(1-2)"
"1492","P111(1-2)","P157(5-1)"
"1493","P112(1-2)","P155(7-1)"
"1494","P113(1-2)","P116(1-2)"
"1495","P113(1-2)","P117(1-2)"
"1496","P113(1-2)","P118(1-2)"
"1497","P113(1-2)","P126(1-2)"
"1498","P113(1-2)","P127(1-2)"
"1499","P113(1-2)","P138(1-2)"
"1500","P113(1-2)","P145(18-1)"
"1501","P113(1-2)","P153(10-1)"
"1502","P114(1-2)","P119(1-2)"
"1503","P114(1-2)","P128(1-2)"
"1504","P114(1-2)","P132(1-2)"
"1505","P114(1-2)","P136(1-2)"
"1506","P114(1-2)","P138(1-2)"
"1507","P114(1-2)","P149(15-1)"
"1508","P115(1-2)","P121(1-2)"
"1509","P115(1-2)","P122(1-2)"
"1510","P115(1-2)","P142(1-2)"
"1511","P115(1-2)","P148(16-1)"
"1512","P115(1-2)","P164(3-1)"
"1513","P116(1-2)","P117(1-2)"
"1514","P116(1-2)","P127(1-2)"
"1515","P116(1-2)","P138(1-2)"
"1516","P116(1-2)","P145(18-1)"
"1517","P117(1-2)","P127(1-2)"
"1518","P117(1-2)","P129(1-2)"
"1519","P117(1-2)","P138(1-2)"
"1520","P117(1-2)","P145(18-1)"
"1521","P118(1-2)","P121(1-2)"
"1522","P118(1-2)","P123(1-2)"
"1523","P118(1-2)","P126(1-2)"
"1524","P118(1-2)","P133(1-2)"
"1525","P118(1-2)","P134(1-2)"
"1526","P118(1-2)","P152(11-1)"
"1527","P118(1-2)","P153(10-1)"
"1528","P119(1-2)","P128(1-2)"
"1529","P119(1-2)","P131(1-2)"
"1530","P119(1-2)","P132(1-2)"
"1531","P119(1-2)","P136(1-2)"
"1532","P119(1-2)","P138(1-2)"
"1533","P119(1-2)","P149(15-1)"
"1534","P121(1-2)","P122(1-2)"
"1535","P121(1-2)","P123(1-2)"
"1536","P121(1-2)","P133(1-2)"
"1537","P121(1-2)","P134(1-2)"
"1538","P121(1-2)","P142(1-2)"
"1539","P121(1-2)","P148(16-1)"
"1540","P121(1-2)","P152(11-1)"
"1541","P122(1-2)","P130(1-2)"
"1542","P122(1-2)","P142(1-2)"
"1543","P122(1-2)","P148(16-1)"
"1544","P123(1-2)","P130(1-2)"
"1545","P123(1-2)","P131(1-2)"
"1546","P123(1-2)","P133(1-2)"
"1547","P123(1-2)","P134(1-2)"
"1548","P123(1-2)","P140(1-2)"
"1549","P123(1-2)","P152(11-1)"
"1550","P123(1-2)","P157(5-1)"
"1551","P124(1-2)","P125(1-2)"
"1552","P124(1-2)","P156(7-1)"
"1553","P125(1-2)","P135(1-2)"
"1554","P125(1-2)","P143(1-2)"
"1555","P125(1-2)","P150(15-1)"
"1556","P125(1-2)","P156(7-1)"
"1557","P126(1-2)","P129(1-2)"
"1558","P126(1-2)","P140(1-2)"
"1559","P126(1-2)","P151(12-1)"
"1560","P126(1-2)","P153(10-1)"
"1561","P127(1-2)","P138(1-2)"
"1562","P127(1-2)","P145(18-1)"
"1563","P128(1-2)","P132(1-2)"
"1564","P128(1-2)","P136(1-2)"
"1565","P128(1-2)","P138(1-2)"
"1566","P128(1-2)","P149(15-1)"
"1567","P128(1-2)","P204(1-1)"
"1568","P129(1-2)","P140(1-2)"
"1569","P129(1-2)","P151(12-1)"
"1570","P130(1-2)","P131(1-2)"
"1571","P130(1-2)","P140(1-2)"
"1572","P130(1-2)","P157(5-1)"
"1573","P131(1-2)","P140(1-2)"
"1574","P131(1-2)","P157(5-1)"
"1575","P132(1-2)","P136(1-2)"
"1576","P132(1-2)","P138(1-2)"
"1577","P132(1-2)","P149(15-1)"
"1578","P132(1-2)","P172(2-1)"
"1579","P133(1-2)","P134(1-2)"
"1580","P133(1-2)","P152(11-1)"
"1581","P133(1-2)","P197(1-1)"
"1582","P134(1-2)","P152(11-1)"
"1583","P134(1-2)","P198(1-1)"
"1584","P135(1-2)","P141(1-2)"
"1585","P135(1-2)","P143(1-2)"
"1586","P135(1-2)","P150(15-1)"
"1587","P135(1-2)","P177(1-1)"
"1588","P136(1-2)","P138(1-2)"
"1589","P136(1-2)","P149(15-1)"
"1590","P137(1-2)","P154(7-1)"
"1591","P137(1-2)","P168(3-1)"
"1592","P138(1-2)","P145(18-1)"
"1593","P138(1-2)","P149(15-1)"
"1594","P139(1-2)","P167(3-1)"
"1595","P140(1-2)","P151(12-1)"
"1596","P140(1-2)","P157(5-1)"
"1597","P141(1-2)","P177(1-1)"
"1598","P142(1-2)","P148(16-1)"
"1599","P143(1-2)","P146(18-1)"
"1600","P143(1-2)","P150(15-1)"
"1601","P144(1-2)","P209(1-1)"
